user name,post date,post stars,user comment,images
–í–∏–∫—Ç–æ—Ä–∏—è –ú.,5¬†–ú–∞—è 2022,100%,"['        –î–æ—Å—Ç–æ–∏–Ω—Å—Ç–≤–∞       –≤–º–µ—Å—Ç–∏—Ç–µ–ª—å–Ω–∞—è —Ö–æ—Ç—å –∏ –º–∞–ª–µ–Ω—å–∫–∞—è ', '        –ù–µ–¥–æ—Å—Ç–∞—Ç–∫–∏       –Ω–µ—Ç—É ', '        –ö–æ–º–º–µ–Ω—Ç–∞—Ä–∏–π       —Ö–æ—Ä–æ—à–∏–π –¥–∏–∑–∞–π–Ω,–Ω–µ–±–æ–ª—å—à–∞—è –≤–º–µ—Å—Ç–∏—Ç–µ–ª—å–Ω–∞—è —Å—É–º–æ—á–∫–∞ ']",['https://cdn1.ozone.ru/s3/rp-photo-2/wc500/0df168c5-68ae-4aa5-a916-c67d0357f606.jpeg']
–ù–∞—Ç–∞–ª–∏—è –í.,5¬†–ú–∞—è 2022,100%,"['        –î–æ—Å—Ç–æ–∏–Ω—Å—Ç–≤–∞       –≤—ã–≥–ª—è–¥–∏—Ç –ø—Ä–∏–∫–æ–ª—å–Ω–æ, –≤–º–µ—Å—Ç–∏—Ç–µ–ª—å–Ω–∞—è ', '        –ù–µ–¥–æ—Å—Ç–∞—Ç–∫–∏       –Ω–µ –ø–æ–¥ –≤—ã—Å–æ–∫–∏–π —Ä–æ—Å—Ç, –¥–ª—è –æ—á–µ–Ω—å —Ö—Ä—É–ø–∫–æ–π –¥–µ–≤—É—à–∫–∏.  ']",n/a
–ù–∞—Ç–∞–ª–∏—è –í.,5¬†–ú–∞—è 2022,100%,"['        –î–æ—Å—Ç–æ–∏–Ω—Å—Ç–≤–∞       —Ö–æ—Ä–æ—à–∞—è, —É–¥–æ–±–Ω–∞—è ', '        –ù–µ–¥–æ—Å—Ç–∞—Ç–∫–∏       –Ω–µ–º–Ω–æ–≥–æ –∫–æ—Ä–æ—Ç–∫–∞—è —Ä—É—á–∫–∞, –Ω–µ –ø–æ–¥ –≤—ã—Å–æ–∫–∏–π —Ä–æ—Å—Ç ']",n/a
–ê–Ω–Ω–∞ –ö.,5¬†–ú–∞—è 2022,100%,n/a,['https://cdn1.ozone.ru/s3/rp-photo-4/wc500/92a49228-1eac-46ca-98fb-a2c9246e7080.jpeg']
–ï–∫–∞—Ç–µ—Ä–∏–Ω–∞ –ë.,4¬†–ú–∞—è 2022,80%,"['        –î–æ—Å—Ç–æ–∏–Ω—Å—Ç–≤–∞       –°—Ç–∏–ª—å–Ω—ã–π –¥–∏–∑–∞–π–Ω, —Ö–æ—Ä–æ—à–∞—è –≤–º–µ—Å—Ç–∏–º–æ—Å—Ç—å, —É–¥–æ–±–Ω–æ —Ä–∞—Å–ø–æ–ª–∞–≥–∞–µ—Ç—Å—è –Ω–∞ –ø–ª–µ—á–µ (–Ω–µ—Ç –¥–∏—Å–∫–æ–º—Ñ–æ—Ä—Ç–∞ –∏ –±–æ–ª–µ–∑–Ω–µ–Ω–Ω—ã—Ö –æ—â—É—â–µ–Ω–∏–π) ', '        –ù–µ–¥–æ—Å—Ç–∞—Ç–∫–∏       –ö–∞—á–µ—Å—Ç–≤–æ –∏—Å–ø–æ–ª–Ω–µ–Ω–∏—è: –µ—Å–ª–∏ –≤—Å–º–∞—Ç—Ä–∏–≤–∞—Ç—å—Å—è, —Ç–æ –º–æ–∂–Ω–æ —É–≤–∏–¥–µ—Ç—å, —á—Ç–æ —à–≤—ã –Ω–µ —Ç–∞–∫–∏–µ –ø–ª–æ—Ç–Ω—ã–µ –∫–∞–∫ —Ö–æ—Ç–µ–ª–æ—Å—å –±—ã; –Ω–µ –æ—á–µ–Ω—å —É–¥–æ–±–Ω—ã–π –∑–∞–º–æ—á–µ–∫ (–∫ –Ω–µ–º—É –Ω—É–∂–Ω–æ –ø—Ä–∏–≤—ã–∫–Ω—É—Ç—å) ', '        –ö–æ–º–º–µ–Ω—Ç–∞—Ä–∏–π       –°—É–º–∫–∞ –Ω–∞ 4 –∑–≤—ë–∑–¥—ã, –∑–∞ —Å–≤–æ—é —Ü–µ–Ω—É —Ö–æ—Ä–æ—à–∞—è. –ú–æ–π –∑–∞–ø—Ä–æ—Å –æ–Ω–∞ —É–¥–æ–≤–ª–µ—Ç–≤–æ—Ä–∏–ª–∞. ']",['https://cdn1.ozone.ru/s3/rp-photo-4/wc500/9c0a0e56-f0ef-4e3c-8062-0065cff83a43.jpeg']
No Name,4¬†–ú–∞—è 2022,100%,"['        –î–æ—Å—Ç–æ–∏–Ω—Å—Ç–≤–∞       –¥–µ—à–µ–≤–ª–µ —á–µ–º –≤ –º–∞–≥–∞–∑–∏–Ω–µ ', '        –ö–æ–º–º–µ–Ω—Ç–∞—Ä–∏–π       –∏–º–µ–Ω–Ω–æ —Ç–∞–∫–æ–π –∏—Å–∫–∞–ª–∞, —É–¥–æ–±–Ω—ã–π,–∫–∞—á–µ—Å—Ç–≤–æ —Ö–æ—Ä–æ—à–µ–µ ']",n/a
No Name,4¬†–ú–∞—è 2022,100%,"['        –ù–µ–¥–æ—Å—Ç–∞—Ç–∫–∏       –Ω–µ –æ–±–Ω–∞—Ä—É–∂–µ–Ω–æ ', '        –ö–æ–º–º–µ–Ω—Ç–∞—Ä–∏–π       –ù–∞ —Ä–∞–±–æ—Ç–µ –≤—Å–µ –æ—Ü–µ–Ω–∏–ª–∏. –ü–æ–º–µ—Å—Ç–∏–ª—Å—è —Ç–µ–ª–µ—Ñ–æ–Ω,–ø–∞—Å–ø–æ—Ä—Ç,–∫–ª—é—á–∏,–ø–æ–º–∞–¥–∞,–±–ª–æ–∫–Ω–æ—Ç.–ö –ø–æ–∫—É–ø–∫–µ —Ä–µ–∫–æ–º–µ–Ω–¥—É—é, –∫–∞—á–µ—Å—Ç–≤–æ —Ö–æ—Ä–æ—à–µ–µ ']",n/a
No Name,4¬†–ú–∞—è 2022,100%,"[' –∫–ª–∞—Ç—á –æ—Ç–ª–∏—á–Ω—ã–π,–±–µ—Ä–∏—Ç–µ –Ω–µ –ø–æ–∂–∞–ª–µ–µ—Ç–µ. ']",n/a
No Name,4¬†–ú–∞—è 2022,100%,[' üî•üëçüèøüëçüèøüëçüèø–∫—Ä—É—Ç–æ–π  '],n/a
No Name,4¬†–ú–∞—è 2022,100%,[' –ü–æ–Ω—Ä–∞–≤–∏–ª—Å—è –∫–ª–∞—Ç—á . '],n/a
No Name,4¬†–ú–∞—è 2022,100%,"[' –ö—É–ø–∏–ª–∞ –¥–ª—è —Å–µ–±—è, –Ω–æ –º—É–∂ —Å—Ä–∞–∑—É –∑–∞–±—Ä–∞–ª ) —É–Ω–∏–≤–µ—Ä—Å–∞–ª—å–Ω—ã–π —à–æ–ø–µ—Ä, –ø—Ä–∏—à–ª–æ—Å—å —É –≤–∞—Å —á–µ—Ä–Ω—ã–π —Ç–∞–∫–æ–π –∂–µ –∑–∞–∫–∞–∑–∞—Ç—å) –≤–∏–¥–µ–ª–∞ —Ç–∞–∫–æ–π –∂–µ –≤ –º–∞–≥–∞–∑–∏–Ω–µ –≤ –¥–≤–∞ —Ä–∞–∑–∞ –¥–æ—Ä–æ–∂–µ. ozon –∏ –ø—Ä–æ–¥–∞–≤—Ü—É —Å–ø–∞—Å–∏–±–æ! ']",n/a
No Name,4¬†–ú–∞—è 2022,100%,n/a,n/a
No Name,4¬†–ú–∞—è 2022,100%,"[' –ö—É–ø–∏–ª–∏ –¥–æ—á–∫–µ –Ω–∞ –≤—ã–ø—É—Å–∫–Ω–æ–π, –æ—á–µ–Ω—å –¥–æ–≤–æ–ª—å–Ω–∞ —Å—É–º–æ—á–∫–æ–π.—Ä–µ–∫–æ–º–µ–Ω–¥—É—é ']",n/a
No Name,4¬†–ú–∞—è 2022,100%,n/a,n/a
No Name,4¬†–ú–∞—è 2022,100%,"[' –ù–µ–æ–±—ã—á–Ω—ã–µ –∫–ª–∞—Ç—á,—Å–º–æ—Ç—Ä–∏—Ç—Å—è –¥–æ—Ä–æ–≥–æ ']",n/a
No Name,4¬†–ú–∞—è 2022,100%,[' –∫–ª–∞—Å—Å–Ω–∞—è —Å—É–º–æ—á–∫–∞.–±—ã—Å—Ç—Ä–æ –ø—Ä–∏—à–ª–∞. '],n/a
No Name,3¬†–ú–∞—è 2022,100%,n/a,n/a
No Name,2¬†–ú–∞—è 2022,100%,[' –î–µ–≤—É—à–∫–µ –ø–æ–¥—Ä–æ—Å—Ç–∫—É –æ—á–µ–Ω—å –∑–∞—à–ª–∞!) —Ç–µ–ø–µ—Ä—å –∫—É–ø–∏–ª–∏ –±–µ–ª—É—é —Ç–∞–∫—É—é –∂–µ. –ñ–¥—ë–º)  '],n/a
No Name,2¬†–ú–∞—è 2022,100%,[' –ù–∞ –ª–µ—Ç–æ –æ—Ç–ª–∏—á–Ω—ã–π –≤–∞—Ä–∏–∞–Ω—Ç. –†–µ–∫–æ–º–µ–Ω–¥—É—é  '],n/a
No Name,2¬†–ú–∞—è 2022,100%,"[' –í—ã–±—Ä–∞–ª–∞ —ç—Ç–æ—Ç —à–æ–ø–ø–µ—Ä , –Ω–µ –ø–æ–∂–∞–ª–µ–ª–∞. –í–µ–ª—å–≤–µ—Ç –æ—á–µ–Ω—å –ø—Ä–∏—è—Ç–Ω—ã–π. –ú–æ–∂–Ω–æ –Ω–æ—Å–∏—Ç—å –∫–∞–∫ –∂–µ–Ω—â–∏–Ω–µ, —Ç–∞–∫ –∏ –º—É–∂—á–∏–Ω–µ. —É–Ω–∏—Å–µ–∫—Å —Å—É–º–∫–∞. –†–µ–∫–æ–º–µ–Ω–¥—É—é  ']",n/a
No Name,2¬†–ú–∞—è 2022,100%,[' –î–ª—è –º–∞—à–∏–Ω—ã —Ç–æ —á—Ç–æ –Ω–∞–¥–æ. –í—Å–µ –ø–æ–¥ —Ä—É–∫–æ–π —ç—Ç–æ —Ç–æ—á–Ω–æ. –ö–∞—á–µ—Å—Ç–≤–æ –Ω–∞ 5 '],n/a
No Name,2¬†–ú–∞—è 2022,100%,[' –ö–ª–∞—Å—Å–Ω–∞—è —Å—É–º–æ—á–∫–∞.  '],n/a
No Name,2¬†–ú–∞—è 2022,100%,[' –í–∑—è–ª–∞ –Ω–∞ —Å–≤–∞–¥—å–±—É. –ö—Ä–∞—Å–∏–≤–æ —Å–º–æ—Ç—Ä–∏—Ç—Å—è –∏ –∫–∞—á–µ—Å—Ç–≤–æ —Ö–æ—Ä–æ—à–µ–µ '],n/a
No Name,2¬†–ú–∞—è 2022,100%,"['        –î–æ—Å—Ç–æ–∏–Ω—Å—Ç–≤–∞       –ü—Ä–∏—è—Ç–Ω—ã–π –º–∞—Ç–µ—Ä–∏–∞–ª ', '        –ö–æ–º–º–µ–Ω—Ç–∞—Ä–∏–π       –£–¥–æ–±–Ω—ã–π –∫–ª–∞—Ç—á.  ']",n/a
–í–∏–∫—Ç–æ—Ä–∏—è –°.,1¬†–ú–∞—è 2022,60%,['        –ù–µ–¥–æ—Å—Ç–∞—Ç–∫–∏       –°—É–º–∫–∞ –æ—á–µ–Ω—å –º–∞–ª–µ–Ω—å–∫–∞—è —Ä—É—á–∫–∏ –ø–ª–æ—Ö–∏–µ '],"['https://cdn1.ozone.ru/s3/rp-photo-3/wc500/88f713b5-9bc1-445a-af05-ec5b6fe02a81.jpeg', 'https://cdn1.ozone.ru/s3/rp-photo-4/wc500/f75b96f3-dfd2-4036-9e7a-4204320efa11.jpeg', 'https://cdn1.ozone.ru/s3/rp-photo-4/wc500/4158733d-1698-430b-ab8e-72d8370cdce2.jpeg']"
Ruslan D.,29¬†–ê–ø—Ä–µ–ª—è 2022,100%,"['        –î–æ—Å—Ç–æ–∏–Ω—Å—Ç–≤–∞       –†–∞–∑–º–µ—Ä, –ø—Ä–∏—è—Ç–Ω–∞ –Ω–∞ –æ—â—É–ø—å ', '        –ö–æ–º–º–µ–Ω—Ç–∞—Ä–∏–π       –î–µ–≤—É—à–∫–µ –ø–æ–Ω—Ä–∞–≤–∏–ª–æ—Å—å) –∏ —ç—Ç–æ –≥–ª–∞–≤–Ω–æ–µ) ']",['https://cdn1.ozone.ru/s3/rp-photo-2/wc500/78a7eec2-9361-4ef6-a429-c7f43fdd9b09.jpeg']
No Name,29¬†–ê–ø—Ä–µ–ª—è 2022,100%,"['        –î–æ—Å—Ç–æ–∏–Ω—Å—Ç–≤–∞       Ipad mini –ø–æ–º–µ—â–∞–µ—Ç—Å—è ', '        –ö–æ–º–º–µ–Ω—Ç–∞—Ä–∏–π       –í—ã–≥–ª—è–¥–∏—Ç —Å—Ç–∏–ª—å–Ω–æ, –∫—Ä–∞—Å–∏–≤—ã–π —Ü–≤–µ—Ç ']",['https://cdn1.ozone.ru/s3/rp-photo-2/wc500/4eac0e41-7f96-408f-b151-c77452fae8e3.jpeg']
–ú–∏–ª–∞–Ω–∞ –ê.,29¬†–ê–ø—Ä–µ–ª—è 2022,100%,"['        –î–æ—Å—Ç–æ–∏–Ω—Å—Ç–≤–∞       –ü–ª–æ—Ç–Ω–∞—è, –∫–∞—á–µ—Å—Ç–≤–µ–Ω–Ω–∞—è —Å—É–º–∫–∞ ', '        –ö–æ–º–º–µ–Ω—Ç–∞—Ä–∏–π       –£–¥–æ–±–Ω–æ –ª–µ–∂–∏—Ç –≤ —Ä—É–∫–µ, –¥–ª—è –ª–µ—Ç–Ω–∏—Ö –≤–µ—á–µ—Ä–Ω–∏—Ö –≤—ã—Ö–æ–¥–æ–≤ —Å–∞–º–æ–µ –æ–Ω–æ  ']",['https://cdn1.ozone.ru/s3/rp-photo-5/wc500/e41959c4-a944-4364-ab60-af6ace609e4c.jpeg']
–≠—Å–º–∏—Ä–∞–ª—å–¥–∞ –ò.,29¬†–ê–ø—Ä–µ–ª—è 2022,100%,"['        –î–æ—Å—Ç–æ–∏–Ω—Å—Ç–≤–∞       –í–º–µ—Å—Ç–∏—Ç–µ–ª—å–Ω–∞—è, –∫–æ–º–ø–∞–∫—Ç–Ω–∞—è, —É–¥–æ–±–Ω–∞—è  ', '        –ö–æ–º–º–µ–Ω—Ç–∞—Ä–∏–π       –ü–æ–∫—É–ø–∫–æ–π –¥–æ–≤–æ–ª—å–Ω–∞, –º–Ω–µ –Ω—Ä–∞–≤–∏—Ç—Å—è  ']",['https://cdn1.ozone.ru/s3/rp-photo-3/wc500/fff8592d-0dde-4e3e-b5e1-4e7efd8cd321.jpeg']
–ì—É–ª—å–Ω–∞—Ä–∞ –°.,29¬†–ê–ø—Ä–µ–ª—è 2022,80%,"['        –ù–µ–¥–æ—Å—Ç–∞—Ç–∫–∏       –Ω–µ—Ç –ø–æ–¥–∫–ª–∞–¥–∫–∏ ', '        –ö–æ–º–º–µ–Ω—Ç–∞—Ä–∏–π       –ù–∞ —Å–∞–º–æ–º –¥–µ–ª–µ —Å—É–º–∫–∞ –Ω–µ —Å–æ–æ—Ç–≤–µ—Ç—Å—Ç–≤—É–µ—Ç —Ñ–æ—Ç–æ. –û–Ω–∞ —á—É—Ç—å –±–æ–ª—å—à–µ —Å—Ç–∞–Ω–¥–∞—Ä—Ç–Ω–æ–π –∫–æ—Å–º–µ—Ç–∏—á–∫–∏. –û–¥–Ω–æ –æ—Ç–¥–µ–ª–µ–Ω–∏–µ –≤–Ω—É—Ç—Ä–∏. –ù–µ—Ç –ø–æ–¥–∫–ª–∞–¥–∫–∏. –ù–µ –¥–µ—Ä–∂–∏—Ç —Ñ–æ—Ä–º—É. ']",n/a
No Name,28¬†–ê–ø—Ä–µ–ª—è 2022,100%,[' –≠—Ç–æ –ª—é–±–æ–≤—å —Å –ø–µ—Ä–≤–æ–≥–æ –≤–∑–≥–ª—è–¥–∞!!! –°–º–æ—Ç—Ä–∏—Ç—Å—è –∫–ª–∞—Å—Å–Ω–æ .  '],n/a
No Name,28¬†–ê–ø—Ä–µ–ª—è 2022,100%,"[' –ö—É–ø–∏–ª–∞ –¥–ª—è –ø—Ä–æ–≥—É–ª–æ–∫ . –û—á–µ–Ω—å —É–¥–æ–±–Ω–∞—è , –º–∞–ª–µ–Ω—å–∫–∞—è –Ω–æ –≤–º–µ—Å—Ç–∏—Ç–µ–ª—å–Ω–∞—è . –í–æ–∑—å–º—É —á—ë—Ä–Ω—É—é —É –≤–∞—Å . –°–ø–∞—Å–∏–±–æ! ']",n/a
No Name,28¬†–ê–ø—Ä–µ–ª—è 2022,100%,n/a,n/a
–í–ª–∞–¥ –Ø.,28¬†–ê–ø—Ä–µ–ª—è 2022,100%,n/a,n/a
No Name,28¬†–ê–ø—Ä–µ–ª—è 2022,100%,"['        –ù–µ–¥–æ—Å—Ç–∞—Ç–∫–∏       –ù–µ—Ç ', '        –ö–æ–º–º–µ–Ω—Ç–∞—Ä–∏–π       –û—Ä–∏–≥–∏–Ω–∞–ª—å–Ω–∞—è —Å—É–º–∫–∞ . –í–∑—è–ª–∞ –≤ –ø–æ–¥–∞—Ä–æ–∫, —Ç–µ–ø–µ—Ä—å —Å–µ–±–µ —Ç–∞–∫—É—é —Ö–æ—á—É) ']",n/a
No Name,28¬†–ê–ø—Ä–µ–ª—è 2022,100%,[' –õ—É—á—à–µ —á–µ–º –Ω–∞ —Ñ–æ—Ç–æ. –Ø –æ—á–µ–Ω—å –¥–æ–≤–æ–ª—å–Ω–∞ –ø–æ–∫—É–ø–∫–æ–π.  '],n/a
No Name,28¬†–ê–ø—Ä–µ–ª—è 2022,100%,[' –ö–ª–∞—Å—Å–Ω–∞—è —Å—É–º–∫–∞ . –ò—Å–∫–∞–ª–∞ –∏–º–µ–Ω–Ω–æ —Ç–∞–∫–æ–π –∫–ª–∞—Ç—á. –í–Ω—É—Ç—Ä–∏ –≤—Å–µ —É–¥–æ–±–Ω–æ . –ö–∞—á–µ—Å—Ç–≤–æ –ø—Ä–µ–≤–æ—Å—Ö–æ–¥–Ω–æ–µ  '],['https://cdn1.ozone.ru/s3/rp-photo-1/wc500/eea75966-7225-426e-afa6-99a8c334fc5e.jpeg']
No Name,28¬†–ê–ø—Ä–µ–ª—è 2022,100%,"['        –î–æ—Å—Ç–æ–∏–Ω—Å—Ç–≤–∞       –ö–∞—á–µ—Å—Ç–≤–µ–Ω–Ω—ã–π –º–∞—Ç–µ—Ä–∏–∞–ª ', '        –ö–æ–º–º–µ–Ω—Ç–∞—Ä–∏–π       –ü–æ–Ω—Ä–∞–≤–∏–ª—Å—è —Ü–≤–µ—Ç. –ù–∞—Å—ã—â–µ–Ω–∏–π —à–æ–∫–æ–ª–∞–¥. –ò –Ω–∞ –≤—ã—Ö–æ–¥ –∏ –Ω–∞ –∫–∞–∂–¥—ã–π –¥–µ–Ω—å. –†–µ–∫–æ–º–µ–Ω–¥—É—é  ']",n/a
–í–ª–∞–¥ –Ø.,28¬†–ê–ø—Ä–µ–ª—è 2022,100%,[' –•–æ—Ä–æ—à–∞—è —Å—É–º–∫–∞ –∑–∞ —ç—Ç–∏ –¥–µ–Ω—å–≥–∏. –ü–ª–∞–Ω—à–µ—Ç –ø–æ–º–µ—Å—Ç–∏–ª—Å—è . –ù–∞ –≤–µ—Å–Ω—É –∏ –ª–µ—Ç–æ —Å–∞–º–æ–µ —Ç–æ '],n/a
No Name,28¬†–ê–ø—Ä–µ–ª—è 2022,100%,"['        –î–æ—Å—Ç–æ–∏–Ω—Å—Ç–≤–∞       –ë—ã—Å—Ç—Ä–∞—è –¥–æ—Å—Ç–∞–≤–∫–∞ ', '        –ö–æ–º–º–µ–Ω—Ç–∞—Ä–∏–π       –õ—é–±–æ–≤—å —Å –ø–µ—Ä–≤–æ–≥–æ –≤–∑–≥–ª—è–¥–∞ . –ò–∑ –ø—É–Ω–∫—Ç–∞ –≤—ã–¥–∞—á–∏ —Å—Ä–∞–∑—É —Å –Ω–µ–π –ø–æ—à–ª–∞. –¢–æ —á—Ç–æ –∏ —Ö–æ—Ç–µ–ª–∞. –°–ø–∞—Å–∏–±–æ –ø—Ä–æ–¥–∞–≤—Ü—É Bambito –∏ Ozon   ']",n/a
–≠–ª—å–Ω—É—Ä –ú.,26¬†–ê–ø—Ä–µ–ª—è 2022,100%,n/a,n/a
–≠–ª—å–Ω—É—Ä –ú.,26¬†–ê–ø—Ä–µ–ª—è 2022,100%,n/a,n/a
–≠–ª—å–Ω—É—Ä –ú.,26¬†–ê–ø—Ä–µ–ª—è 2022,100%,n/a,n/a
–≠–ª—å–Ω—É—Ä –ú.,26¬†–ê–ø—Ä–µ–ª—è 2022,100%,n/a,n/a
–≠–ª—å–Ω—É—Ä –ú.,26¬†–ê–ø—Ä–µ–ª—è 2022,100%,[' –•–æ—Ä–æ—à–∞—è —Å—É–º–æ—á–∫–∞) –∂–µ–Ω–µ –Ω–æ—Ä–º  '],n/a
